genome	n_MPF_types	n_relaxase_types	n_virb4_types	n_t4cp_types
SAMN02442768	3	4	1	0
SAMN02442769	3	4	1	0
SAMN02442771	2	3	1	0
SAMN02442772	2	3	1	0
SAMN02442773	2	1	1	0
SAMN02442775	2	1	1	0
SAMN02442780	2	2	1	0
SAMN02442781	2	2	1	0
SAMN02442783	2	2	1	0
SAMN02442784	2	2	1	0
SAMN02442786	2	2	1	0
SAMN02442788	2	2	1	0
SAMN02442789	1	3	1	0
SAMN02442791	3	3	1	0
SAMN02442792	2	3	1	0
SAMN02442795	2	2	1	0
SAMN02442796	2	2	1	0
SAMN02442797	2	1	0	0
SAMN02442800	2	2	1	0
SAMN02442801	2	2	1	0
SAMN02442806	2	2	1	0
SAMN02442807	1	2	1	0
SAMN02442808	1	2	1	0
SAMN02442809	1	2	1	0
SAMN02442810	2	2	1	0
SAMN02442811	1	1	1	0
SAMN02442812	2	2	1	0
SAMN02442813	3	2	1	0
SAMN02442816	1	2	1	0
SAMN02442824	2	2	1	0
SAMN02442826	3	2	1	0
SAMN02442827	3	2	1	0
SAMN02442830	1	1	1	0
SAMN02442835	2	1	1	0
SAMN02442836	2	3	1	0
SAMN02442837	1	1	1	0
SAMN02442840	2	1	1	0
SAMN02442841	1	2	1	0
SAMN02442843	1	0	1	0
SAMN02442844	2	1	1	0
SAMN02442846	1	1	1	0
SAMN02442847	1	1	1	0
SAMN02442848	3	2	1	0
SAMN02442850	2	3	1	0
SAMN02442851	2	3	1	0
SAMN02442852	3	2	1	0
SAMN02442854	1	0	0	0
SAMN02442858	2	1	0	0
SAMN02442860	3	2	1	0
SAMN02442863	2	1	1	0
SAMN02442865	2	2	1	0
SAMN02442866	3	2	1	0
SAMN02442867	2	2	1	0
SAMN02628536	1	0	0	0
SAMN02628537	4	2	1	0
SAMN02628542	2	1	0	0
SAMN02628543	1	1	1	0
SAMN02628545	4	2	1	0
SAMN02628546	1	1	1	0
SAMN02628548	3	2	1	0
SAMN02628551	1	1	1	0
SAMN02628553	3	3	1	0
SAMN02628554	2	2	1	0
SAMN02628555	2	3	1	0
SAMN02628556	1	2	1	0
SAMN02628557	1	1	1	0
SAMN02628558	1	2	1	0
SAMN02628559	2	2	1	0
SAMN02628560	1	1	1	0
SAMN02628562	2	2	1	0
SAMN02628565	3	1	0	0
SAMN02628569	2	1	0	0
SAMN02628573	2	2	1	0
SAMN02628574	2	2	1	0
SAMN02628576	1	1	1	0
SAMN02628578	1	1	1	0
SAMN02628579	1	1	1	0
SAMN02628581	3	2	1	0
SAMN02628582	2	1	1	0
SAMN02628583	2	2	1	0
SAMN02628587	4	3	1	0
SAMN02628588	2	2	1	0
SAMN02628593	3	2	1	0
SAMN02628595	2	2	1	0
SAMN02628596	2	2	1	0
SAMN02628598	2	2	1	0
SAMN02628599	2	0	1	0
SAMN02628600	1	2	1	0
SAMN02628602	3	2	1	0
SAMN02628604	3	1	1	0
SAMN02628607	2	2	1	0
SAMN02628611	1	2	1	0
SAMN02628612	2	3	1	0
SAMN02628613	2	2	1	0
SAMN02628616	3	2	1	0
SAMN02628618	4	3	1	0
SAMN02628619	3	3	1	0
SAMN02628627	2	2	1	0
SAMN02628628	2	2	1	0
SAMN02628629	1	1	1	0
SAMN02628630	2	2	1	0
SAMN02628631	1	1	1	0
SAMN02628635	2	2	1	0
SAMN02628636	1	2	1	0
SAMN02628640	1	1	1	0
SAMN02628645	1	1	0	0
SAMN02628647	2	2	1	0
SAMN02628650	2	3	1	0
SAMN02628651	2	1	0	0
SAMN02628657	2	2	1	0
SAMN02628659	3	1	1	0
SAMN02628660	1	1	1	0
SAMN02628661	2	2	1	0
SAMN02628662	1	1	1	0
SAMN02628664	1	2	1	0
SAMN02628665	1	2	1	0
SAMN02628666	3	2	1	0
SAMN02628667	1	1	1	0
SAMN02628669	1	1	1	0
SAMN02628671	2	3	1	0
SAMN02628672	2	3	1	0
SAMN02628676	3	3	1	0
SAMN02628680	4	2	1	0
SAMN02628683	2	2	1	0
SAMN02628684	2	2	1	0
SAMN02628685	2	3	1	0
SAMN02628686	2	2	1	0
SAMN02628687	2	0	1	0
SAMN02628688	3	2	1	0
SAMN02628690	2	2	1	0
SAMN02628691	2	3	1	0
SAMN02628695	3	1	1	0
SAMN02628696	3	2	1	0
SAMN02628700	3	2	1	0
SAMN02628701	2	1	0	0
SAMN02628702	2	2	1	0
SAMN03295421	1	1	1	0
SAMN03295423	2	1	1	0
SAMN03295424	1	1	1	0
SAMN03295426	2	2	1	0
SAMN03295428	2	3	1	0
SAMN03295429	1	1	1	0
SAMN03295431	2	3	1	0
SAMN03295432	2	1	1	0
SAMN03295433	2	2	1	0
SAMN03295437	2	2	1	0
SAMN03295439	2	2	1	0
SAMN03295442	1	1	1	0
SAMN03295444	1	2	1	0
SAMN03295445	2	1	1	0
SAMN03295450	2	2	1	0
SAMN03295461	3	2	1	0
SAMN03295463	2	3	1	0
SAMN03455846	2	2	0	0
SAMN03455849	1	1	1	0
SAMN03462119	2	1	0	0
SAMN03462125	1	0	0	0
SAMN03462126	3	1	0	0
SAMN03702810	2	2	1	0
SAMN04158432	2	1	1	0
SAMN04160747	1	1	1	0
SAMN04160753	2	2	1	0
SAMN04160754	2	2	1	0
SAMN04160758	2	2	1	0
SAMN04160773	1	0	0	0
SAMN04191534	1	1	1	0
SAMN04191535	1	1	1	0
SAMN04191537	1	1	1	0
SAMN04191548	2	1	1	0
SAMN04191549	2	1	1	0
SAMN04191550	2	1	1	0
SAMN04191551	1	1	0	0
SAMN04191555	2	1	0	0
SAMN04191556	2	1	0	0
SAMN04191561	2	1	0	0
SAMN04293279	3	0	1	0
SAMN04293301	1	1	1	0
SAMN04293311	1	0	0	0
SAMN04293317	1	0	0	0
SAMN04293322	2	2	1	0
SAMN04293336	1	0	0	0
SAMN04293337	2	1	1	0
SAMN04293343	3	2	1	0
SAMN04293348	2	2	1	0
SAMN04293350	1	1	1	0
SAMN04293364	2	2	1	0
SAMN04293368	2	2	1	0
SAMN04293370	1	1	1	0
SAMN04293376	1	1	1	0
SAMN04293378	4	2	1	0
SAMN04293387	3	2	1	0
SAMN04293391	2	2	1	0
SAMN04293399	1	2	1	0
SAMN04293406	1	0	0	0
SAMN04293420	2	2	1	0
SAMN04293421	1	1	1	0
SAMN04293426	4	3	1	0
SAMN04293429	3	3	1	0
SAMN04293431	1	2	1	0
SAMN04293434	1	0	0	0
SAMN04335033	2	1	0	0
SAMN04335042	2	1	0	0
SAMN04338474	4	3	1	0
SAMN04338475	4	3	1	0
SAMN04338476	4	2	1	0
SAMN04338478	3	1	0	0
SAMN04338495	4	2	1	0
SAMN04338506	3	1	0	0
SAMN04396076	2	2	1	0
SAMN04396077	2	2	1	0
SAMN04396078	2	2	1	0
SAMN04396080	1	2	0	0
SAMN04396085	2	2	1	0
SAMN04396086	2	2	1	0
SAMN04422322	2	1	1	0
SAMN04422324	2	2	0	0
SAMN04422352	1	2	1	0
SAMN04422366	2	1	0	0
SAMN04422378	2	1	1	0
SAMN04422382	2	1	1	0
SAMN04422386	2	1	1	0
SAMN04422389	2	1	1	0
SAMN04422390	2	1	1	0
SAMN04422393	2	1	1	0
SAMN04422400	2	1	1	0
SAMN04422406	2	1	1	0
SAMN04422416	2	1	1	0
SAMN04422419	2	1	1	0
SAMN04422420	2	1	1	0
SAMN04422423	2	1	1	0
SAMN04422425	2	1	1	0
SAMN04422431	2	1	1	0
SAMN04422435	2	1	1	0
SAMN04422437	2	1	1	0
SAMN04422439	2	1	1	0
SAMN04429906	2	1	1	0
SAMN04446958	1	0	0	0
SAMN04510378	2	1	0	0
SAMN04510388	2	1	0	0
SAMN04510394	2	1	0	0
SAMN04510412	2	1	0	0
SAMN04510413	2	1	0	0
SAMN04510419	2	1	0	0
SAMN04510557	2	1	1	0
SAMN04510561	1	1	0	0
SAMN04510562	1	1	0	0
SAMN04510563	1	1	0	0
SAMN04510568	1	2	0	0
SAMN04902851	1	2	1	0
SAMN04902855	1	2	1	0
SAMN04902856	0	1	0	0
SAMN04902860	2	3	1	0
SAMN04902864	2	1	1	0
SAMN04902866	4	1	0	0
SAMN04902873	2	2	1	0
SAMN04902882	3	2	1	0
SAMN04902883	3	2	1	0
SAMN04902892	3	2	1	0
SAMN04913896	1	1	0	0
SAMN04942837	2	3	1	0
SAMN04942838	2	3	1	0
SAMN04942840	1	0	0	0
SAMN05163867	1	0	0	0
SAMN05163875	1	3	1	0
SAMN05171462	1	3	1	0
SAMN05232926	2	3	1	0
SAMN05232927	3	1	1	0
SAMN05232928	3	1	1	0
SAMN05275927	1	0	0	0
SAMN05326673	2	1	0	0
SAMN05326676	2	1	0	0
SAMN05326678	2	1	0	0
SAMN05326683	2	1	0	0
SAMN05326696	2	1	0	0
SAMN05326698	2	2	0	0
SAMN05326699	2	2	0	0
SAMN05326700	2	3	0	0
SAMN05326703	2	2	1	0
SAMN05439481	1	1	1	0
SAMN05439482	2	2	1	0
SAMN05439496	2	2	1	0
SAMN05439504	0	1	0	0
SAMN05439505	1	2	1	0
SAMN05439506	2	2	1	0
SAMN05439510	3	2	1	0
SAMN05439511	3	2	1	0
SAMN05439515	1	0	0	0
SAMN05439517	1	2	1	0
SAMN05439518	3	3	1	0
SAMN05439567	2	2	1	0
SAMN05439568	1	1	1	0
SAMN05440254	3	1	1	0
SAMN05440256	1	0	0	0
SAMN05440258	2	2	0	0
SAMN05440259	2	1	1	0
SAMN05440263	2	1	1	0
SAMN05440266	3	2	1	0
SAMN05440269	0	1	0	0
SAMN05452846	1	1	1	0
SAMN05464541	1	1	0	0
SAMN05596101	2	4	1	0
SAMN05596161	2	2	1	0
SAMN05596165	1	1	1	0
SAMN05596176	2	2	1	0
SAMN05596205	3	2	1	0
SAMN05596210	2	1	1	0
SAMN05596234	1	1	0	0
SAMN05596240	2	2	1	0
SAMN05596392	1	2	1	0
SAMN05596471	3	2	1	0
SAMN05596491	2	1	1	0
SAMN05596564	1	1	1	0
SAMN05596653	1	2	1	0
SAMN05596717	1	3	1	0
SAMN05596725	3	2	1	0
SAMN05597016	2	2	1	0
SAMN05605369	2	2	1	0
SAMN05605370	2	0	0	0
SAMN05605371	3	1	1	0
SAMN05605374	2	2	1	0
SAMN05605376	1	1	0	0
SAMN05605381	1	2	0	0
SAMN05605391	1	2	0	0
SAMN05605393	3	0	1	0
SAMN05605418	3	0	1	0
SAMN05605422	2	2	1	0
SAMN05605423	2	2	1	0
SAMN05605426	2	2	0	0
SAMN05605428	2	2	0	0
SAMN05605430	3	1	1	0
SAMN05655883	0	1	0	0
SAMN05655961	2	1	1	0
SAMN05655980	2	1	1	0
SAMN05757714	2	2	1	0
SAMN05757735	1	1	1	0
SAMN05757738	1	1	1	0
SAMN05757740	1	1	1	0
SAMN05757741	1	1	1	0
SAMN05757745	2	2	1	0
SAMN05789714	0	1	0	0
SAMN05789715	2	1	1	0
SAMN05789719	2	1	1	0
SAMN05789722	1	2	1	0
SAMN05829269	4	2	1	0
SAMN05859954	3	2	1	0
SAMN05859955	3	1	1	0
SAMN05859956	3	1	1	0
SAMN05859958	3	1	1	0
SAMN05859962	3	1	1	0
SAMN06005810	2	1	0	0
SAMN06005817	1	2	1	0
SAMN06005819	2	2	0	0
SAMN06005821	1	0	0	0
SAMN06005823	1	2	1	0
SAMN06005825	1	0	0	0
SAMN06005831	2	1	0	0
SAMN06005833	2	1	1	0
SAMN06005834	2	1	1	0
SAMN06005835	2	1	0	0
SAMN06005836	2	1	0	0
SAMN06005841	2	1	0	0
SAMN06005845	1	0	0	0
SAMN06005850	2	1	0	0
SAMN06005853	2	1	0	0
SAMN06005854	1	1	0	0
SAMN06005855	2	1	0	0
SAMN06005869	1	0	0	0
SAMN06005871	2	1	1	0
SAMN06005875	1	1	0	0
SAMN06005880	1	0	0	0
SAMN06005883	1	2	1	0
SAMN06005888	1	2	1	0
SAMN06005893	1	1	1	0
SAMN06126430	1	1	1	0
SAMN06126433	3	4	1	0
SAMN06159503	2	2	0	0
SAMN06159505	2	1	0	0
SAMN06220077	2	2	0	0
SAMN06220079	1	3	1	0
SAMN06220084	1	1	1	0
SAMN06220085	1	2	0	0
SAMN06220087	1	1	0	0
SAMN06220092	2	2	0	0
SAMN06220104	1	2	0	0
SAMN06220106	2	2	0	0
SAMN06220109	2	2	0	0
SAMN06220111	1	1	0	0
SAMN06220112	1	1	0	0
SAMN06220113	0	1	0	0
SAMN06220116	1	1	0	0
SAMN06220117	1	1	0	0
SAMN06220119	1	2	0	0
SAMN06220122	2	2	0	0
SAMN06220124	1	1	0	0
SAMN06220131	3	3	1	0
SAMN06220133	1	2	1	0
SAMN06220134	3	1	1	0
SAMN06220135	3	1	1	0
SAMN06461736	1	0	0	0
SAMN06555242	0	1	0	0
SAMN06645802	3	1	1	0
SAMN06689618	1	2	1	0
SAMN06689619	1	1	0	0
SAMN06689620	1	1	0	0
SAMN06689622	1	1	0	0
SAMN06689623	1	1	1	0
SAMN06700868	3	2	1	0
SAMN06712424	1	1	1	0
SAMN06712425	2	2	1	0
SAMN06712431	1	1	0	0
SAMN07197387	1	1	1	0
SAMN07197390	2	2	1	0
SAMN07229622	2	3	1	0
SAMN07229639	3	1	1	0
SAMN07283930	1	2	1	0
SAMN07283931	2	1	1	0
SAMN07291231	1	2	1	0
SAMN07291232	2	1	1	0
SAMN07371045	1	0	0	0
SAMN07371046	2	1	1	0
SAMN07371047	3	3	1	0
SAMN07371048	1	1	1	0
SAMN07371049	1	1	0	0
SAMN07371050	1	2	1	0
SAMN07374662	2	3	1	0
SAMN07374664	2	1	1	0
SAMN07374666	1	1	1	0
SAMN07374667	2	2	0	0
SAMN07410330	3	2	0	0
SAMN07410333	3	2	1	0
SAMN07410335	3	1	0	0
SAMN07410344	1	1	0	0
SAMN07411238	2	1	1	0
SAMN07440313	1	2	0	0
SAMN07440315	1	1	1	0
SAMN07450949	0	1	0	0
SAMN07450951	2	3	1	0
SAMN07450952	3	2	1	0
SAMN07450955	2	2	1	0
SAMN07450956	1	1	0	0
SAMN07450958	2	1	1	0
SAMN07537101	3	2	1	0
SAMN07537105	1	1	0	0
SAMN07537107	1	2	1	0
SAMN07537143	0	1	0	0
SAMN07537146	2	2	1	0
SAMN07537148	1	2	1	0
SAMN07537151	0	1	0	0
SAMN07608069	2	3	0	0
SAMN07608071	1	1	1	0
SAMN07608072	1	2	1	0
SAMN07608075	1	1	1	0
SAMN07645983	1	2	1	0
SAMN07645984	2	2	1	0
SAMN07645985	1	2	1	0
SAMN07645987	1	0	0	0
SAMN07645989	1	1	0	0
SAMN07645991	1	2	1	0
SAMN07645993	1	1	0	0
SAMN07645994	4	2	1	0
SAMN07665807	0	1	0	0
SAMN07665811	1	1	1	0
SAMN07722632	3	3	1	0
SAMN07722646	1	2	1	0
SAMN07722649	1	1	0	0
SAMN07722650	2	3	1	0
SAMN07722652	4	3	1	0
SAMN07722654	2	2	1	0
SAMN07747733	1	1	1	0
SAMN07747736	1	2	1	0
SAMN07747738	1	1	1	0
SAMN07747746	1	1	1	0
SAMN07747757	2	2	1	0
SAMN07747760	2	1	0	0
SAMN07747782	2	2	0	0
SAMN07747791	1	1	1	0
SAMN07747804	2	2	1	0
SAMN07747806	0	1	0	0
SAMN07781657	1	0	0	0
SAMN07781658	1	1	1	0
SAMN07781663	1	1	1	0
SAMN07781666	1	1	1	0
SAMN07781674	1	0	0	0
SAMN07781675	2	2	0	0
SAMN07781676	2	1	0	0
SAMN07781681	3	3	1	0
SAMN07781682	4	4	1	0
SAMN07781684	1	3	1	0
SAMN07781696	1	2	1	0
SAMN07781701	2	0	0	0
SAMN07781711	1	0	0	0
SAMN07781715	1	0	0	0
SAMN07781717	1	0	0	0
SAMN07781721	2	2	0	0
SAMN07781725	1	0	0	0
SAMN07839404	2	1	0	0
SAMN07839409	2	1	1	0
SAMN07839410	1	2	1	0
SAMN07839413	0	1	0	0
SAMN07839418	2	2	1	0
SAMN07839419	2	2	1	0
SAMN07839421	2	2	1	0
SAMN07839424	1	1	1	0
SAMN07839427	2	2	1	0
SAMN07839429	1	0	0	0
SAMN07839432	0	1	0	0
SAMN07955775	2	3	1	0
SAMN07955781	2	1	1	0
SAMN07955783	1	2	1	0
SAMN07955797	1	2	1	0
SAMN07955806	2	3	0	0
SAMN07955809	1	0	0	0
SAMN07989023	1	1	1	0
SAMN08025037	0	1	0	0
SAMN08025038	2	2	1	0
SAMN08025040	1	2	0	0
SAMN08025044	2	2	1	0
SAMN08025047	2	2	1	0
SAMN08025049	1	1	1	0
SAMN08025050	1	2	1	0
SAMN08025054	2	1	1	0
SAMN08025056	3	2	1	0
SAMN08051577	1	2	1	0
SAMN08051579	2	1	1	0
SAMN08051580	3	3	1	0
SAMN08051582	2	2	1	0
SAMN08052682	1	1	1	0
SAMN08146168	2	2	1	0
SAMN08146171	2	2	1	0
SAMN08146174	2	2	1	0
SAMN08146176	2	3	1	0
SAMN08146178	2	3	1	0
SAMN08146185	2	2	1	0
SAMN08146192	2	3	1	0
SAMN08146194	2	3	1	0
SAMN08146203	1	2	1	0
SAMN08146204	2	3	1	0
SAMN08146262	2	4	1	0
SAMN08146263	2	1	1	0
SAMN08146264	2	3	1	0
SAMN08146274	2	3	1	0
SAMN08146276	3	3	1	0
SAMN08146279	2	3	1	0
SAMN08146282	2	3	1	0
SAMN08146294	1	3	1	0
SAMN08146296	2	3	1	0
SAMN08146301	1	1	1	0
SAMN08146303	2	3	1	0
SAMN08146304	1	3	0	0
SAMN08146305	1	1	1	0
SAMN08146308	1	3	0	0
SAMN08146311	2	3	1	0
SAMN08146312	2	3	1	0
SAMN08146313	2	3	1	0
SAMN08146314	2	3	1	0
SAMN08146317	3	2	1	0
SAMN08167534	3	2	1	0
SAMN08167608	1	1	1	0
SAMN08167609	1	0	0	0
SAMN08167632	0	1	0	0
SAMN08167633	1	1	0	0
SAMN08167634	2	2	1	0
SAMN08182231	1	0	1	0
SAMN08182233	2	1	1	0
SAMN08182234	1	1	0	0
SAMN08182235	2	0	0	0
SAMN08182236	0	1	0	0
SAMN08226267	3	4	1	0
SAMN08226272	3	2	1	0
SAMN08226274	1	1	0	0
SAMN08272741	1	2	1	0
SAMN08272744	3	2	1	0
SAMN08272745	2	1	1	0
SAMN08272748	3	2	1	0
SAMN08289295	1	1	1	0
SAMN08289299	2	2	1	0
SAMN08289303	3	3	1	0
SAMN08289312	1	2	0	0
SAMN08289314	1	1	1	0
SAMN08289315	3	2	1	0
SAMN08347846	2	2	1	0
SAMN08347847	2	1	1	0
SAMN08347853	1	1	1	0
SAMN08347856	3	2	1	0
SAMN08347873	2	0	0	0
SAMN08347874	2	2	0	0
SAMN08355151	2	1	1	0
SAMN08362293	1	0	1	0
SAMN08362333	2	2	1	0
SAMN08362335	1	1	0	0
SAMN08362365	2	1	0	0
SAMN08362366	1	1	1	0
SAMN08380136	2	2	1	0
SAMN08380138	2	2	0	0
SAMN08380139	3	2	1	0
SAMN08380141	2	3	1	0
SAMN08380144	3	2	1	0
SAMN08387158	1	1	0	0
SAMN08387162	1	2	1	0
SAMN08387164	3	2	1	0
SAMN08387166	3	1	1	0
SAMN08472602	1	2	0	0
SAMN08472603	2	2	1	0
SAMN08472604	1	0	0	0
SAMN08472605	3	1	1	0
SAMN08472611	0	1	0	0
SAMN08472612	2	0	0	0
SAMN08500542	3	3	1	0
SAMN08500545	1	1	1	0
SAMN08500546	1	1	1	0
SAMN08500551	0	1	0	0
SAMN08522362	3	0	0	0
SAMN08522363	1	3	0	0
SAMN08522364	1	1	1	0
SAMN08522365	3	3	1	0
SAMN08522366	0	2	0	0
SAMN08581714	2	3	1	0
SAMN08581716	2	2	1	0
SAMN08581720	1	1	0	0
SAMN08581897	4	4	1	0
SAMN08581898	2	1	1	0
SAMN08581899	2	3	1	0
SAMN08581900	1	1	0	0
SAMN08624227	2	1	1	0
SAMN08624231	2	3	1	0
SAMN08624234	1	1	1	0
SAMN08624236	2	2	1	0
SAMN08631246	1	2	1	0
SAMN08631251	1	1	1	0
SAMN08631252	1	0	0	0
SAMN08631254	1	2	1	0
SAMN08714135	2	2	1	0
SAMN08714137	2	3	1	0
SAMN08714138	3	1	0	0
SAMN08714144	0	2	0	0
SAMN08719144	2	1	0	0
SAMN08719150	3	4	1	0
SAMN08719153	2	1	1	0
SAMN08719212	1	1	1	0
SAMN08719213	1	2	1	0
SAMN08719215	1	3	1	0
SAMN08719219	1	2	1	0
SAMN08719220	1	1	1	0
SAMN08767333	1	2	1	0
SAMN08767334	1	1	1	0
SAMN08851681	1	2	1	0
SAMN08851683	2	3	1	0
SAMN08851686	2	3	1	0
SAMN08851689	3	1	1	0
SAMN08851692	2	3	1	0
SAMN08851693	1	2	1	0
SAMN08863899	3	2	0	0
SAMN08863902	1	2	1	0
SAMN08863903	1	1	1	0
SAMN08863905	0	1	0	0
SAMN08863906	2	2	1	0
SAMN08899174	1	1	1	0
SAMN08899176	0	2	0	0
SAMN08909983	1	1	1	0
SAMN08909985	2	2	1	0
SAMN08909999	1	2	1	0
SAMN08910000	4	2	1	0
SAMN08910001	2	2	1	0
SAMN08930677	3	3	1	0
SAMN08930678	2	0	0	0
SAMN08930680	1	1	1	0
SAMN08930681	3	2	1	0
SAMN08930682	1	1	1	0
SAMN08937776	2	1	1	0
SAMN08937778	3	2	1	0
SAMN08937779	2	2	1	0
SAMN08937782	1	1	1	0
SAMN08937783	2	2	1	0
SAMN08937784	1	1	1	0
SAMN08937785	3	3	0	0
SAMN08963946	1	2	1	0
SAMN09002909	3	2	1	0
SAMN09002910	1	1	1	0
SAMN09002913	3	4	1	0
SAMN09013465	2	3	1	0
SAMN09013468	1	1	0	0
SAMN09013471	1	3	1	0
SAMN09013472	2	2	1	0
SAMN09013475	1	1	0	0
SAMN09013511	3	3	1	0
SAMN09013512	2	1	1	0
SAMN09013513	2	1	1	0
SAMN09013516	3	3	1	0
SAMN09013518	1	1	0	0
SAMN09013519	1	1	1	0
SAMN09013571	1	1	0	0
SAMN09013572	1	2	0	0
SAMN09013573	1	3	1	0
SAMN09013574	1	1	0	0
SAMN09013578	2	1	1	0
SAMN09098779	1	1	1	0
SAMN09098782	1	0	0	0
SAMN09098787	3	2	1	0
SAMN09098792	1	2	1	0
SAMN09098794	1	2	1	0
SAMN09098797	0	1	0	0
SAMN09098800	1	1	1	0
SAMN09195610	1	2	1	0
SAMN09195612	2	1	1	0
SAMN09195613	1	1	0	0
SAMN09195614	2	2	1	0
SAMN09195623	2	1	0	0
SAMN09195624	2	2	1	0
SAMN09195625	1	2	0	0
SAMN09195626	2	2	1	0
SAMN09195627	1	2	0	0
SAMN09195629	1	1	0	0
SAMN09233719	2	2	1	0
SAMN09233722	2	2	1	0
SAMN09233724	1	0	0	0
SAMN09233726	2	1	1	0
SAMN09233768	2	3	1	0
SAMN09242588	2	1	0	0
SAMN09242595	2	1	0	0
SAMN09242600	2	1	0	0
SAMN09242612	2	1	0	0
SAMN09242616	2	1	0	0
SAMN09242644	2	1	0	0
SAMN09242645	2	1	0	0
SAMN09242649	2	1	0	0
SAMN09242904	3	2	1	0
SAMN09242911	2	1	0	0
SAMN09267080	2	3	1	0
SAMN09267081	3	4	1	0
SAMN09267083	2	1	1	0
SAMN09343321	2	1	1	0
SAMN09343322	1	1	0	0
SAMN09343325	1	2	1	0
SAMN09343327	2	1	1	0
SAMN09343328	2	2	0	0
SAMN09343329	2	1	0	0
SAMN09343330	1	0	0	0
SAMN09343332	2	2	1	0
SAMN09386341	1	1	1	0
SAMN09386342	2	2	1	0
SAMN09386374	0	1	0	0
SAMN09444061	1	2	1	0
SAMN09444062	2	2	1	0
SAMN09444063	3	2	0	0
SAMN09444067	1	3	1	0
SAMN09444068	1	1	0	0
SAMN09444069	1	1	0	0
SAMN09444070	2	3	1	0
SAMN09444071	2	1	1	0
SAMN09462543	3	3	1	0
SAMN09462545	1	1	1	0
SAMN09462575	0	1	0	0
SAMN09462576	3	2	1	0
SAMN09462577	3	2	1	0
SAMN09462581	0	1	0	0
SAMN09462583	1	3	1	0
SAMN09462584	1	1	0	0
SAMN09462585	3	2	1	0
SAMN09462586	1	0	1	0
SAMN09489333	0	1	0	0
SAMN09489514	2	1	1	0
SAMN09489515	2	2	1	0
SAMN09489517	1	2	1	0
SAMN09489518	4	2	1	0
SAMN09489521	3	2	1	0
SAMN09489545	0	1	0	0
SAMN09489549	1	1	1	0
SAMN09489586	1	1	1	0
SAMN09489590	1	1	0	0
SAMN09521700	1	1	1	0
SAMN09521703	1	1	0	0
SAMN09521743	3	2	1	0
SAMN09521746	1	1	1	0
SAMN09521748	2	1	0	0
SAMN09521751	1	1	1	0
SAMN09545002	2	3	1	0
SAMN09545008	1	1	1	0
SAMN09545009	1	2	1	0
SAMN09545063	2	1	1	0
SAMN09624583	2	1	1	0
SAMN09624584	3	1	1	0
SAMN09624588	2	1	1	0
SAMN09624590	1	0	0	0
SAMN09624593	1	2	1	0
SAMN09633444	1	2	1	0
SAMN09633449	1	2	1	0
SAMN09633452	0	1	0	0
SAMN09633453	2	2	1	0
SAMN09633454	1	1	1	0
SAMN09651204	4	4	1	0
SAMN09666291	2	2	1	0
SAMN09666293	2	3	1	0
SAMN09666295	1	1	1	0
SAMN09693148	1	2	1	0
SAMN09693149	2	2	1	0
SAMN09693207	2	2	1	0
SAMN09693210	1	2	1	0
SAMN09725139	3	4	1	0
SAMN09725140	1	2	0	0
SAMN09725141	1	0	0	0
SAMN09725155	1	1	1	0
SAMN09725160	1	3	0	0
SAMN09725172	2	3	0	0
SAMN09725173	2	1	0	0
SAMN09725174	1	1	0	0
SAMN09725178	2	2	0	0
SAMN09725183	2	2	0	0
SAMN09725185	2	2	1	0
SAMN09725191	1	1	1	0
SAMN09725194	2	2	1	0
SAMN09725195	2	2	1	0
SAMN09725208	2	2	1	0
SAMN09726411	2	2	1	0
SAMN09726412	3	4	1	0
SAMN09726415	3	3	1	0
SAMN09726418	1	1	1	0
SAMN09727445	1	1	1	0
SAMN09728987	2	3	1	0
SAMN09730234	1	2	1	0
SAMN09741906	1	1	0	0
SAMN09741908	1	1	1	0
SAMN09742378	1	1	0	0
SAMN09742384	2	3	1	0
SAMN09742387	1	2	1	0
SAMN09756542	0	1	0	0
SAMN09756546	1	1	0	0
SAMN09756550	2	1	1	0
SAMN09780226	2	1	0	0
SAMN09780227	3	2	1	0
SAMN09780228	1	0	0	0
SAMN09784429	0	2	0	0
SAMN09784432	1	1	0	0
SAMN09784433	1	2	1	0
SAMN09784437	1	2	1	0
SAMN09828447	2	2	1	0
SAMN09828448	2	1	0	0
SAMN09828459	3	2	1	0
SAMN09828461	1	2	1	0
SAMN09828462	0	1	0	0
SAMN09828463	2	3	1	0
SAMN09828464	3	2	1	0
SAMN09828465	0	2	0	0
SAMN09828467	2	1	1	0
SAMN09828468	1	2	1	0
SAMN09828469	3	4	1	0
SAMN09828470	1	0	0	0
SAMN09828473	1	1	1	0
SAMN09849953	2	3	1	0
SAMN09849954	1	1	1	0
SAMN09849957	2	2	1	0
SAMN09849958	1	0	0	0
SAMN09849962	1	2	1	0
SAMN09849964	1	2	0	0
SAMN09849965	1	1	1	0
SAMN09849966	3	3	1	0
SAMN09849968	2	2	1	0
SAMN09849970	2	2	1	0
SAMN09866598	1	3	1	0
SAMN09914039	2	2	1	0
SAMN09914104	2	3	1	0
SAMN09914106	1	1	1	0
SAMN09917917	1	3	1	0
SAMN09917918	1	0	0	0
SAMN09917919	2	2	1	0
SAMN09954439	2	1	1	0
SAMN09954442	3	2	1	0
SAMN09954463	1	2	1	0
SAMN09954465	2	1	1	0
SAMN09980185	2	2	1	0
SAMN09980186	1	1	1	0
SAMN09980187	1	1	0	0
SAMN09980188	1	1	1	0
SAMN09980189	1	2	1	0
SAMN09980192	2	3	1	0
SAMN09980197	1	1	1	0
SAMN09980198	2	2	1	0
SAMN09980200	2	1	1	0
SAMN09980201	1	1	0	0
SAMN09980202	2	2	1	0
SAMN10034789	1	2	0	0
SAMN10034790	1	1	1	0
SAMN10034794	1	2	1	0
SAMN10034795	0	1	0	0
SAMN10034797	1	1	0	0
SAMN10034803	1	0	0	0
SAMN10034809	2	2	1	0
SAMN10034810	1	0	1	0
SAMN10057138	2	3	1	0
SAMN10057139	1	0	0	0
SAMN10057143	0	1	0	0
SAMN10078810	2	2	1	0
SAMN10078812	3	1	0	0
SAMN10078813	3	2	1	0
SAMN10078815	1	0	0	0
SAMN10078819	1	2	1	0
SAMN10078820	2	1	0	0
SAMN10097130	1	1	1	0
SAMN10118346	2	2	0	0
SAMN10118357	1	2	1	0
SAMN10129925	2	2	1	0
SAMN10129930	1	2	1	0
SAMN10142232	1	1	0	0
SAMN10142234	2	2	1	0
SAMN10142236	1	1	1	0
SAMN10142493	1	1	1	0
SAMN10142497	2	2	1	0
SAMN10142502	0	1	0	0
SAMN10142507	1	2	1	0
SAMN10142510	1	1	1	0
SAMN10220958	2	1	1	0
SAMN10220959	2	3	1	0
SAMN10220963	3	3	1	0
SAMN10220964	3	3	1	0
SAMN10220966	3	1	1	0
SAMN10220969	2	3	1	0
SAMN10220970	1	2	1	0
SAMN10220971	2	3	1	0
SAMN10220972	1	1	1	0
SAMN10220973	2	2	1	0
SAMN10220974	1	1	1	0
SAMN10220977	4	2	1	0
SAMN10220978	2	1	1	0
SAMN10220979	1	1	1	0
SAMN10220980	4	2	1	0
SAMN10220981	1	2	0	0
SAMN10220984	2	3	1	0
SAMN10220986	2	2	0	0
SAMN10220987	4	4	1	0
SAMN10221005	4	1	1	0
SAMN10221008	2	1	1	0
SAMN10221010	2	2	1	0
SAMN10221011	1	0	0	0
SAMN10221013	3	2	1	0
SAMN10221016	1	1	1	0
SAMN10221017	3	3	1	0
SAMN10221019	1	2	1	0
SAMN10221020	1	1	1	0
SAMN10221021	2	4	1	0
SAMN10221025	1	2	1	0
SAMN10221026	3	2	1	0
SAMN10221027	1	1	1	0
SAMN10221044	2	1	0	0
SAMN10221045	1	1	1	0
SAMN10221046	1	2	1	0
SAMN10221069	2	3	1	0
SAMN10221070	2	2	1	0
SAMN10221071	2	2	1	0
SAMN10221072	2	1	1	0
SAMN10221074	2	1	1	0
SAMN10221076	1	1	1	0
SAMN10221077	2	1	1	0
SAMN10221078	4	3	1	0
SAMN10221079	2	2	1	0
SAMN10221080	2	2	1	0
SAMN10221082	2	2	1	0
SAMN10221083	1	2	1	0
SAMN10221087	2	2	1	0
SAMN10221088	1	1	1	0
SAMN10221090	2	2	1	0
SAMN10221092	2	1	1	0
SAMN10221093	3	3	1	0
SAMN10221096	4	2	0	0
SAMN10221097	2	1	1	0
SAMN10221103	1	1	1	0
SAMN10221106	2	2	1	0
SAMN10221107	1	2	1	0
SAMN10221118	3	2	1	0
SAMN10221120	4	2	1	0
SAMN10221122	2	3	1	0
SAMN10221123	3	3	1	0
SAMN10221124	1	1	1	0
SAMN10221125	1	4	1	0
SAMN10221126	1	1	1	0
SAMN10221127	1	2	1	0
SAMN10221130	2	3	1	0
SAMN10221132	4	2	1	0
SAMN10221138	2	1	1	0
SAMN10221141	2	2	0	0
SAMN10221142	1	1	1	0
SAMN10221144	4	3	1	0
SAMN10221145	1	1	1	0
SAMN10221146	2	3	1	0
SAMN10221148	1	2	1	0
SAMN10221150	2	2	1	0
SAMN10221151	2	2	1	0
SAMN10221152	1	0	1	0
SAMN10221153	1	1	1	0
SAMN10221154	2	2	1	0
SAMN10221155	2	1	1	0
SAMN10221157	1	1	1	0
SAMN10221158	1	0	0	0
SAMN10221160	2	2	1	0
SAMN10221162	2	1	1	0
SAMN10221164	3	3	1	0
SAMN10221165	2	1	1	0
SAMN10221166	2	3	1	0
SAMN10221167	2	3	1	0
SAMN10221190	2	0	0	0
SAMN10221191	2	2	0	0
SAMN10221192	2	0	1	0
SAMN10221193	2	2	1	0
SAMN10221196	2	2	1	0
SAMN10221197	3	3	1	0
SAMN10221199	2	2	1	0
SAMN10221200	1	0	0	0
SAMN10221202	1	1	1	0
SAMN10221205	2	1	0	0
SAMN10221226	1	2	1	0
SAMN10221227	3	3	1	0
SAMN10221236	2	2	1	0
SAMN10221239	1	1	1	0
SAMN10221240	1	2	1	0
SAMN10221243	1	1	0	0
SAMN10221244	1	1	0	0
SAMN10221246	0	1	0	0
SAMN10221247	1	0	1	0
SAMN10221248	2	2	1	0
SAMN10221253	2	0	0	0
SAMN10221254	2	2	1	0
SAMN10221258	1	1	1	0
SAMN10221260	2	2	1	0
SAMN10221261	2	1	1	0
SAMN10221263	2	2	0	0
SAMN10221265	3	1	1	0
SAMN10221280	4	2	1	0
SAMN10221282	2	2	1	0
SAMN10221284	1	1	1	0
SAMN10221286	2	2	1	0
SAMN10221287	2	3	1	0
SAMN10221291	1	2	0	0
SAMN10221292	4	3	1	0
SAMN10221296	2	2	0	0
SAMN10221297	4	2	1	0
SAMN10221316	1	1	1	0
SAMN10221317	1	1	1	0
SAMN10221318	2	1	1	0
SAMN10221319	2	2	1	0
SAMN10221321	2	4	1	0
SAMN10221323	2	1	1	0
SAMN10221325	2	3	1	0
SAMN10221327	0	1	0	0
SAMN10221328	0	1	0	0
SAMN10221329	1	1	1	0
SAMN10221337	3	3	1	0
SAMN10221349	4	2	1	0
SAMN10221356	1	1	1	0
SAMN10221357	2	3	1	0
SAMN10221358	1	2	1	0
SAMN10221361	1	1	1	0
SAMN10221363	4	3	1	0
SAMN10221364	1	1	1	0
SAMN10221366	2	2	1	0
SAMN10221367	2	2	1	0
SAMN10221388	2	1	0	0
SAMN10221389	4	2	1	0
SAMN10221391	1	2	1	0
SAMN10221393	2	2	0	0
SAMN10221397	1	2	1	0
SAMN10221403	1	1	1	0
SAMN10221410	2	2	1	0
SAMN10221413	1	3	1	0
SAMN10221414	4	3	1	0
SAMN10221428	3	2	1	0
SAMN10221429	3	3	1	0
SAMN10221431	2	1	1	0
SAMN10221432	1	1	1	0
SAMN10221435	1	1	1	0
SAMN10221437	1	1	1	0
SAMN10221439	1	1	0	0
SAMN10221440	2	2	1	0
SAMN10221441	3	3	1	0
SAMN10221442	1	1	1	0
SAMN10221444	1	2	0	0
SAMN10221445	2	3	1	0
SAMN10221446	2	2	1	0
SAMN10221447	3	2	1	0
SAMN10221451	2	3	1	0
SAMN10221452	3	2	1	0
SAMN10221453	2	2	1	0
SAMN10221454	2	3	1	0
SAMN10221455	3	3	1	0
SAMN10221457	1	1	1	0
SAMN10221459	1	2	1	0
SAMN10221462	2	2	1	0
SAMN10221463	3	3	1	0
SAMN10221467	1	2	1	0
SAMN10221468	2	2	1	0
SAMN10221469	2	1	0	0
SAMN10221471	3	2	1	0
SAMN10221476	1	1	1	0
SAMN10221477	1	1	1	0
SAMN10221478	1	1	1	0
SAMN10221479	1	1	1	0
SAMN10221480	3	2	1	0
SAMN10221482	0	1	0	0
SAMN10221483	2	2	1	0
SAMN10221486	3	2	1	0
SAMN10221490	1	2	1	0
SAMN10221491	1	1	1	0
SAMN10221512	1	2	1	0
SAMN10221526	2	2	1	0
SAMN10221528	2	2	0	0
SAMN10221529	2	2	1	0
SAMN10221531	2	1	0	0
SAMN10221534	4	3	1	0
SAMN10221536	1	2	1	0
SAMN10221537	1	1	1	0
SAMN10221548	2	3	1	0
SAMN10221549	2	1	1	0
SAMN10221551	2	1	1	0
SAMN10221552	3	2	1	0
SAMN10221553	1	1	1	0
SAMN10221557	1	2	1	0
SAMN10221579	2	2	1	0
SAMN10221580	2	1	1	0
SAMN10221581	1	1	1	0
SAMN10221583	3	1	1	0
SAMN10221586	2	2	1	0
SAMN10221588	2	4	1	0
SAMN10221589	1	2	1	0
SAMN10221590	2	1	1	0
SAMN10221593	1	2	1	0
SAMN10221594	1	2	1	0
SAMN10221597	2	0	1	0
SAMN10221608	3	3	1	0
SAMN10221610	1	0	0	0
SAMN10221612	1	2	1	0
SAMN10221613	2	1	1	0
SAMN10221615	1	1	1	0
SAMN10221620	2	2	1	0
SAMN10221624	2	2	1	0
SAMN10221625	2	2	1	0
SAMN10221626	1	2	1	0
SAMN10221627	3	3	1	0
SAMN10221650	2	2	1	0
SAMN10221653	0	1	0	0
SAMN10221654	2	2	1	0
SAMN10221655	1	0	0	0
SAMN10221656	0	2	0	0
SAMN10221659	1	3	1	0
SAMN10221661	2	2	1	0
SAMN10221662	4	3	1	0
SAMN10221663	3	2	1	0
SAMN10221665	2	1	1	0
SAMN10221666	3	1	0	0
SAMN10221667	1	2	1	0
